l1,energy,loss,tot_zf
1.0e-6,0.06718340784136025,0.07980263206058527,0.5346547158732093
1.0e-5,0.07964040008289695,0.16072630815140004,0.6862362756068647
5.0e-5,0.1901170622956696,0.3740251680816476,0.8548155862573261
0.0001,0.3105076981928402,0.507389285673678,0.9263098416778383
0.0005,0.6550927504712359,0.7806291980640593,0.990790946055241
0.001,0.7756654443252861,0.848949112485441,0.9970174719418562
0.005,0.8945611266264546,0.8945611266264546,1.0
0.01,0.8945611266264546,0.8945611266264546,1.0
0.05,0.8945611266264546,0.8945611266264546,1.0
