l1,energy,loss,tot_zf
1.0e-6,0.06699967383299722,0.07229775197625583,0.31697005284791546
1.0e-5,0.06934492207678943,0.09412709973472586,0.8343544688064348
5.0e-5,0.08993758660575803,0.16013714160989417,0.903307149425542
0.0001,0.11827157621055179,0.2151570261750456,0.9240430317198285
0.0005,0.267071344030574,0.41085792434612217,0.962959926433929
0.001,0.36572404119006724,0.5101233741378599,0.9764211879147786
0.005,0.6090307652642146,0.7162683690668374,0.9940216488106449
0.01,0.6965100538006255,0.7827238316719594,0.99711275329884
0.05,0.8437795127903169,0.8742243522946839,0.9996853499374023
